history_id,n_records,scenario,build_ms,index_vector_bytes,raw_storage_bytes,levels_including_root,canonical_archive_sha256,index_vectors
n256_seed17_history0,256,random_keys,0.054125,5376,69632,3,f4abcd4905b75d08c7c93c9682191bcce2708acc31e7ade7be5cb3c9a69c573b,21
n256_seed17_history0,256,topic_grouped,0.025708,5376,69632,3,bbb6ac92fe9d5a62a7679a4a048975222266095d33fcbc9667b8a95a1a53d681,21
n256_seed17_history0,256,topic_shuffled,0.019541,5376,69632,3,bbb6ac92fe9d5a62a7679a4a048975222266095d33fcbc9667b8a95a1a53d681,21
n256_seed17_history1,256,random_keys,0.028209,5376,69632,3,e1c1a491afb9d96e0c52a4f20e1c64e880ba43babcb2f24d4a9b1d4386828349,21
n256_seed17_history1,256,topic_grouped,0.020958,5376,69632,3,e88018f52a36e9e93b1b885861d30961d40d64e8a9d7eb8d9379641604980275,21
n256_seed17_history1,256,topic_shuffled,0.019042,5376,69632,3,e88018f52a36e9e93b1b885861d30961d40d64e8a9d7eb8d9379641604980275,21
n256_seed17_history2,256,random_keys,0.020625,5376,69632,3,7cc659c50647035148052fad58efc7135737809faf32ba732b750182f0c3dd36,21
n256_seed17_history2,256,topic_grouped,0.01725,5376,69632,3,565393a681605e4cbb7566b3c23c45ec84682e6edd1b46a52718eed1baf471cd,21
n256_seed17_history2,256,topic_shuffled,0.016792,5376,69632,3,565393a681605e4cbb7566b3c23c45ec84682e6edd1b46a52718eed1baf471cd,21
n256_seed41_history0,256,random_keys,0.01875,5376,69632,3,c36c3821b8ed590f884f3586f750d0356aa86e1bf58970a33d3f50e679c4d836,21
n256_seed41_history0,256,topic_grouped,0.016625,5376,69632,3,f97c9448babd2b9e321fadc32c7476ffe771a0e82dfc6917cdcad83b5ebd4f3c,21
n256_seed41_history0,256,topic_shuffled,0.01625,5376,69632,3,f97c9448babd2b9e321fadc32c7476ffe771a0e82dfc6917cdcad83b5ebd4f3c,21
n256_seed41_history1,256,random_keys,0.019042,5376,69632,3,82a97e656c56087652824d2dc785398dad4a725238bfc5f8a4560d0ef214bd84,21
n256_seed41_history1,256,topic_grouped,0.017458,5376,69632,3,adfac072a6b3961508da61dc8ed28c695d07e3aed1514b7b1c02b82d53caf053,21
n256_seed41_history1,256,topic_shuffled,0.016333,5376,69632,3,adfac072a6b3961508da61dc8ed28c695d07e3aed1514b7b1c02b82d53caf053,21
n256_seed41_history2,256,random_keys,0.018708,5376,69632,3,86ffa58dd94fae78825e98dda590b6ffe46d17910f1e024de53bc149c875f5b9,21
n256_seed41_history2,256,topic_grouped,0.016417,5376,69632,3,c05be8919b94de34af26a64a0b1eed9423167d80085fcec56095e65359cdd2dd,21
n256_seed41_history2,256,topic_shuffled,0.015959,5376,69632,3,c05be8919b94de34af26a64a0b1eed9423167d80085fcec56095e65359cdd2dd,21
n256_seed83_history0,256,random_keys,0.018208,5376,69632,3,f4834b7c74ff55ab6f13525cfa91049354185f01208388341b0d73fdad156b34,21
n256_seed83_history0,256,topic_grouped,0.017625,5376,69632,3,6e35dd50f6a7862b62871d59b4c7bd6e5d1383da50f466ffea7bec7920335729,21
n256_seed83_history0,256,topic_shuffled,0.016,5376,69632,3,6e35dd50f6a7862b62871d59b4c7bd6e5d1383da50f466ffea7bec7920335729,21
n256_seed83_history1,256,random_keys,0.019167,5376,69632,3,3509ff2944bf2184ad9da37e3f0d0aeb79198ca8afdcf82e126201cf530e5eb4,21
n256_seed83_history1,256,topic_grouped,0.01725,5376,69632,3,1785fe8044688484dc45a56134cffd922f1b22d681b738aa99cbfa04a5fb0321,21
n256_seed83_history1,256,topic_shuffled,0.016041,5376,69632,3,1785fe8044688484dc45a56134cffd922f1b22d681b738aa99cbfa04a5fb0321,21
n256_seed83_history2,256,random_keys,0.018583,5376,69632,3,e61b345404de33c17636c64051631cc197b086e82131020a973db786a3187aee,21
n256_seed83_history2,256,topic_grouped,0.016958,5376,69632,3,b8e11465ae668c149ae4e4e1136f9dc667bbe88f7aafd9dc72619d539242ac66,21
n256_seed83_history2,256,topic_shuffled,0.017167,5376,69632,3,b8e11465ae668c149ae4e4e1136f9dc667bbe88f7aafd9dc72619d539242ac66,21
n1024_seed17_history0,1024,random_keys,0.0645,21760,278528,4,0f5e75785357529b2a712efa224012cdfafe4e17ed8526e7a556759a6e596c4d,85
n1024_seed17_history0,1024,topic_grouped,0.038875,21760,278528,4,bb0e1ddc9915e8be95b6d65d68acb30b6633a9e794ef7055462d1a3a46646471,85
n1024_seed17_history0,1024,topic_shuffled,0.034917,21760,278528,4,bb0e1ddc9915e8be95b6d65d68acb30b6633a9e794ef7055462d1a3a46646471,85
n1024_seed17_history1,1024,random_keys,0.046875,21760,278528,4,3bf275cf2f5c44ecee6173654e7f8c33feed3d49f602875866a86c6845cb7122,85
n1024_seed17_history1,1024,topic_grouped,0.034625,21760,278528,4,d1328d70ff4ad7d8607114ecf3d4a216d37caab706620e3fc20379b7eb663a2d,85
n1024_seed17_history1,1024,topic_shuffled,0.034083,21760,278528,4,d1328d70ff4ad7d8607114ecf3d4a216d37caab706620e3fc20379b7eb663a2d,85
n1024_seed17_history2,1024,random_keys,0.04275,21760,278528,4,e4b83028130e3e13f7bd367ec5ebf49a2490c26e373c570656f1ebba8ed79da8,85
n1024_seed17_history2,1024,topic_grouped,0.033709,21760,278528,4,caabc35b752a210fea1fa3d84162c1a8226142a2a9985de507d4e507a6812c56,85
n1024_seed17_history2,1024,topic_shuffled,0.033,21760,278528,4,caabc35b752a210fea1fa3d84162c1a8226142a2a9985de507d4e507a6812c56,85
n1024_seed41_history0,1024,random_keys,0.038291,21760,278528,4,9e2c33b85c0d2375608ff749d5419c9cd783c1e57e81f6bb34467725f50fbf1a,85
n1024_seed41_history0,1024,topic_grouped,0.033417,21760,278528,4,f529256c931a8823bf524a4e00de25e3cce1dcd401fbacb49389ee38f19a7392,85
n1024_seed41_history0,1024,topic_shuffled,0.032292,21760,278528,4,f529256c931a8823bf524a4e00de25e3cce1dcd401fbacb49389ee38f19a7392,85
n1024_seed41_history1,1024,random_keys,0.03625,21760,278528,4,d3a5f9987d1e75fe7c3d58adde0c456d752eb104ace913e7b2224d8234fb69d5,85
n1024_seed41_history1,1024,topic_grouped,0.031958,21760,278528,4,1cd0035e8a96aaaa488e675fadfee66c32bb39630be5d172dea91a5fdd7fe78c,85
n1024_seed41_history1,1024,topic_shuffled,0.031083,21760,278528,4,1cd0035e8a96aaaa488e675fadfee66c32bb39630be5d172dea91a5fdd7fe78c,85
n1024_seed41_history2,1024,random_keys,0.035833,21760,278528,4,d777659b5b1fb1ae608a7db711b1eba1e3a66d8428d4e88c4838aa7aca5f5ad4,85
n1024_seed41_history2,1024,topic_grouped,0.03275,21760,278528,4,48d0cdd114ce759cec06c5ba81c0366aa6737e0daba7fc27cb23cdbd9b236b5c,85
n1024_seed41_history2,1024,topic_shuffled,0.031917,21760,278528,4,48d0cdd114ce759cec06c5ba81c0366aa6737e0daba7fc27cb23cdbd9b236b5c,85
n1024_seed83_history0,1024,random_keys,0.035708,21760,278528,4,85d29d3b713b0ff4e33f2f05e14cb05dda7543f0d122d5463ebf914efa09505c,85
n1024_seed83_history0,1024,topic_grouped,0.032625,21760,278528,4,9c38112e01c1bd6a9cd1b674a7403cc3599ab6460eb16e71fd0546849f998e66,85
n1024_seed83_history0,1024,topic_shuffled,0.031959,21760,278528,4,9c38112e01c1bd6a9cd1b674a7403cc3599ab6460eb16e71fd0546849f998e66,85
n1024_seed83_history1,1024,random_keys,0.039666,21760,278528,4,249012020c2b7720354fd1c496f549ffd0347371833808dfa3d4268b3118f47d,85
n1024_seed83_history1,1024,topic_grouped,0.0325,21760,278528,4,0fae91842fbabb858a420ee16c9b726a5de52f4e4dca10126460c8e7eceb90c3,85
n1024_seed83_history1,1024,topic_shuffled,0.030875,21760,278528,4,0fae91842fbabb858a420ee16c9b726a5de52f4e4dca10126460c8e7eceb90c3,85
n1024_seed83_history2,1024,random_keys,0.04425,21760,278528,4,e4d623fcbab63b1027e60bc56dc7cd5bff2ec084cf79345a549c78f9ca0ad043,85
n1024_seed83_history2,1024,topic_grouped,0.034041,21760,278528,4,52ba5509d88c74a57b12921aaefc2a370140fbff25686fc78c8d1034e18c2a84,85
n1024_seed83_history2,1024,topic_shuffled,0.031708,21760,278528,4,52ba5509d88c74a57b12921aaefc2a370140fbff25686fc78c8d1034e18c2a84,85
n4096_seed17_history0,4096,random_keys,0.093625,87296,1114112,5,ea11ee78dc4adfb476c21020460fed8e8eebe28ac48549e888d2829f6b93786e,341
n4096_seed17_history0,4096,topic_grouped,0.082209,87296,1114112,5,4b00b56a673b9227fa83c15a97f3cb16280a790eedd2421bd5088b1df62f339e,341
n4096_seed17_history0,4096,topic_shuffled,0.081625,87296,1114112,5,4b00b56a673b9227fa83c15a97f3cb16280a790eedd2421bd5088b1df62f339e,341
n4096_seed17_history1,4096,random_keys,0.088333,87296,1114112,5,188b4c31f0d06a6d40dd7bfbde56824c77ee33dfd6f52972f996708fc3039548,341
n4096_seed17_history1,4096,topic_grouped,0.084,87296,1114112,5,38fc75dc56314a3fae9e84a26a67d8289a8b4db033bde5deccbf96606dd2ef93,341
n4096_seed17_history1,4096,topic_shuffled,0.080583,87296,1114112,5,38fc75dc56314a3fae9e84a26a67d8289a8b4db033bde5deccbf96606dd2ef93,341
n4096_seed17_history2,4096,random_keys,0.087,87296,1114112,5,c464cb3321326ae4e2e083b738012ecd617900c553db54f107eb72cfc1fdff41,341
n4096_seed17_history2,4096,topic_grouped,0.083042,87296,1114112,5,9f489cb2777bc16fdef5bf8068d389fa056be50c002fe7c3b2db538eda6c2178,341
n4096_seed17_history2,4096,topic_shuffled,0.082458,87296,1114112,5,9f489cb2777bc16fdef5bf8068d389fa056be50c002fe7c3b2db538eda6c2178,341
n4096_seed41_history0,4096,random_keys,0.087709,87296,1114112,5,03ea5581759daa22ec7fb1713c0bf5e7aac5ba09640a3c0a6baa58d84e191b81,341
n4096_seed41_history0,4096,topic_grouped,0.081375,87296,1114112,5,4be6876177b159e2f58c06b0f996fbe3f0d691b216ea4be4ccc4f53dca5001f2,341
n4096_seed41_history0,4096,topic_shuffled,0.080041,87296,1114112,5,4be6876177b159e2f58c06b0f996fbe3f0d691b216ea4be4ccc4f53dca5001f2,341
n4096_seed41_history1,4096,random_keys,0.089166,87296,1114112,5,70ccfcd1ad1975829da79530cefe1fb5a44a3b0e1f5492b352d745a50226d965,341
n4096_seed41_history1,4096,topic_grouped,0.080041,87296,1114112,5,fc932387e81a524ab9324cd50f62ad26d188c9845ac1fde6bcbf49456effc492,341
n4096_seed41_history1,4096,topic_shuffled,0.080375,87296,1114112,5,fc932387e81a524ab9324cd50f62ad26d188c9845ac1fde6bcbf49456effc492,341
n4096_seed41_history2,4096,random_keys,0.089958,87296,1114112,5,15f21cd965e14685aee1b35235726ed1d7cb261a0d54f2c5b2999de8c341bf4e,341
n4096_seed41_history2,4096,topic_grouped,0.083541,87296,1114112,5,98c5322c1f2800818c4b5d528dee44d7739ed56a8add157cf151122b8d65121e,341
n4096_seed41_history2,4096,topic_shuffled,0.082,87296,1114112,5,98c5322c1f2800818c4b5d528dee44d7739ed56a8add157cf151122b8d65121e,341
n4096_seed83_history0,4096,random_keys,0.088,87296,1114112,5,ad2d30b65ae7ff5cab313ef909a2960ee64992491a29db10049176065e0cef6a,341
n4096_seed83_history0,4096,topic_grouped,0.083375,87296,1114112,5,148e562b3b6c5f7a0a3d8c1bc26dec3f555af9b7072f3511dca9b4c43d8b15de,341
n4096_seed83_history0,4096,topic_shuffled,0.0825,87296,1114112,5,148e562b3b6c5f7a0a3d8c1bc26dec3f555af9b7072f3511dca9b4c43d8b15de,341
n4096_seed83_history1,4096,random_keys,0.086542,87296,1114112,5,4c4a96de382d49f7c995d0e5b85465a8d0bd9027b6e12ad6e0c03c387edf28bd,341
n4096_seed83_history1,4096,topic_grouped,0.08025,87296,1114112,5,36785953bb3154b22dc1491870dbc4a82ec407ff91a324fb06ca37fe97cc4be4,341
n4096_seed83_history1,4096,topic_shuffled,0.078458,87296,1114112,5,36785953bb3154b22dc1491870dbc4a82ec407ff91a324fb06ca37fe97cc4be4,341
n4096_seed83_history2,4096,random_keys,0.090667,87296,1114112,5,7b20a9f79cfb0445031e40bdb2fdc0b7ba279045c421a6cdf06263f8f2749cf0,341
n4096_seed83_history2,4096,topic_grouped,0.083209,87296,1114112,5,d0f9d00ec6ac5271ad90749bb94cbc457756193b6c179ef477abaf495e67acbc,341
n4096_seed83_history2,4096,topic_shuffled,0.080917,87296,1114112,5,d0f9d00ec6ac5271ad90749bb94cbc457756193b6c179ef477abaf495e67acbc,341
