n_records,scenario,method,queries,independent_histories,evidence_recalled_mean,oracle_reader_correct_mean,routing_vectors_scored_mean,records_read_mean,raw_vectors_scored_mean,leaf_blocks_read_mean,route_ms_mean,read_score_ms_mean,total_search_ms_mean,total_search_ms_median
256,random_keys,raw_full_scan,180,9,1.0,1.0,0.0,256.0,256.0,16.0,0.00035994999999999994,0.009609444444444443,0.009969394444444444,0.009583
256,random_keys,flat_1,180,9,0.5222222222222223,0.5222222222222223,16.0,16.0,16.0,1.0,0.0030636277777777777,0.004787055555555555,0.007850683333333332,0.006959
256,random_keys,flat_2,180,9,0.6944444444444444,0.6944444444444444,16.0,32.0,32.0,2.0,0.0018138944444444443,0.004884527777777777,0.006698422222222222,0.0070420000000000005
256,random_keys,flat_4,180,9,0.8388888888888889,0.8388888888888889,16.0,64.0,64.0,4.0,0.0014717777777777774,0.0054453555555555545,0.006917133333333334,0.00675
256,random_keys,tree_beam_1,180,9,0.40555555555555556,0.40555555555555556,8.0,16.0,16.0,1.0,0.0076840277777777775,0.004525894444444444,0.012209922222222223,0.012709000000000002
256,random_keys,tree_beam_2,180,9,0.6055555555555555,0.6055555555555555,12.0,32.0,32.0,2.0,0.007526161111111112,0.00465835,0.01218451111111111,0.012917000000000001
256,random_keys,tree_beam_4,180,9,0.8388888888888889,0.8388888888888889,20.0,64.0,64.0,4.0,0.006911827777777779,0.005352538888888887,0.012264366666666667,0.012208
256,topic_grouped,raw_full_scan,180,9,1.0,1.0,0.0,256.0,256.0,16.0,0.0003525333333333333,0.008899505555555553,0.009252038888888888,0.009500999999999999
256,topic_grouped,flat_1,180,9,1.0,1.0,16.0,16.0,16.0,1.0,0.0019474222222222223,0.0046541944444444434,0.006601616666666667,0.0069165
256,topic_grouped,flat_2,180,9,1.0,1.0,16.0,32.0,32.0,2.0,0.0018078999999999999,0.004828738888888888,0.006636638888888889,0.007041
256,topic_grouped,flat_4,180,9,1.0,1.0,16.0,64.0,64.0,4.0,0.0014400111111111111,0.005249538888888888,0.00668955,0.006667
256,topic_grouped,tree_beam_1,180,9,0.9555555555555556,0.9555555555555556,8.0,16.0,16.0,1.0,0.007691233333333333,0.004509677777777777,0.012200911111111112,0.0127075
256,topic_grouped,tree_beam_2,180,9,1.0,1.0,12.0,32.0,32.0,2.0,0.007561399999999999,0.004734438888888888,0.012295838888888886,0.012834000000000002
256,topic_grouped,tree_beam_4,180,9,1.0,1.0,20.0,64.0,64.0,4.0,0.006996061111111112,0.005226422222222221,0.01222248333333333,0.0122915
256,topic_shuffled,raw_full_scan,180,9,1.0,1.0,0.0,256.0,256.0,16.0,0.0003539,0.008942799999999999,0.0092967,0.009542
256,topic_shuffled,flat_1,180,9,0.2722222222222222,0.2722222222222222,16.0,16.0,16.0,1.0,0.0019821500000000002,0.0047199055555555555,0.006702055555555555,0.006958000000000001
256,topic_shuffled,flat_2,180,9,0.4111111111111111,0.4111111111111111,16.0,32.0,32.0,2.0,0.001821727777777778,0.004889344444444443,0.006711072222222223,0.0070825
256,topic_shuffled,flat_4,180,9,0.6444444444444445,0.6444444444444445,16.0,64.0,64.0,4.0,0.001438233333333333,0.0054039388888888875,0.006842172222222221,0.006667
256,topic_shuffled,tree_beam_1,180,9,0.2,0.2,8.0,16.0,16.0,1.0,0.00770905,0.004526327777777777,0.012235377777777777,0.012708
256,topic_shuffled,tree_beam_2,180,9,0.39444444444444443,0.39444444444444443,12.0,32.0,32.0,2.0,0.007554433333333333,0.004768005555555555,0.01232243888888889,0.012876
256,topic_shuffled,tree_beam_4,180,9,0.6444444444444445,0.6444444444444445,20.0,64.0,64.0,4.0,0.006929416666666668,0.0052261777777777765,0.012155594444444444,0.012291
1024,random_keys,raw_full_scan,180,9,1.0,1.0,0.0,1024.0,1024.0,64.0,0.00041314444444444446,0.02031268888888889,0.02072583333333333,0.0205825
1024,random_keys,flat_1,180,9,0.25555555555555554,0.25555555555555554,64.0,16.0,16.0,1.0,0.0036090222222222223,0.004601638888888889,0.008210661111111111,0.0078335
1024,random_keys,flat_2,180,9,0.42777777777777776,0.42777777777777776,64.0,32.0,32.0,2.0,0.002764555555555555,0.005488633333333333,0.00825318888888889,0.008125
1024,random_keys,flat_4,180,9,0.6166666666666667,0.6166666666666667,64.0,64.0,64.0,4.0,0.002924105555555555,0.006450938888888889,0.009375044444444444,0.00925
1024,random_keys,tree_beam_1,180,9,0.18333333333333332,0.18333333333333332,12.0,16.0,16.0,1.0,0.011975961111111107,0.004605733333333333,0.016581694444444444,0.016542
1024,random_keys,tree_beam_2,180,9,0.2833333333333333,0.2833333333333333,20.0,32.0,32.0,2.0,0.009385633333333332,0.004038422222222223,0.013424055555555555,0.013083000000000001
1024,random_keys,tree_beam_4,180,9,0.5222222222222223,0.5222222222222223,36.0,64.0,64.0,4.0,0.009664988888888887,0.005369933333333332,0.015034922222222222,0.014834
1024,topic_grouped,raw_full_scan,180,9,1.0,1.0,0.0,1024.0,1024.0,64.0,0.0003856388888888889,0.02004181111111111,0.02042745,0.020458
1024,topic_grouped,flat_1,180,9,0.7277777777777777,0.7277777777777777,64.0,16.0,16.0,1.0,0.003474538888888889,0.004532877777777777,0.008007416666666666,0.007833
1024,topic_grouped,flat_2,180,9,0.8777777777777778,0.8777777777777778,64.0,32.0,32.0,2.0,0.002730105555555555,0.005366399999999999,0.008096505555555553,0.008083
1024,topic_grouped,flat_4,180,9,1.0,1.0,64.0,64.0,64.0,4.0,0.0028546277777777777,0.006405544444444446,0.00926017222222222,0.009249
1024,topic_grouped,tree_beam_1,180,9,0.7,0.7,12.0,16.0,16.0,1.0,0.011578044444444442,0.004576877777777778,0.016154922222222225,0.016437
1024,topic_grouped,tree_beam_2,180,9,0.8777777777777778,0.8777777777777778,20.0,32.0,32.0,2.0,0.009207149999999999,0.0039724166666666675,0.013179566666666667,0.013
1024,topic_grouped,tree_beam_4,180,9,1.0,1.0,36.0,64.0,64.0,4.0,0.00962218333333333,0.005306227777777777,0.014928411111111107,0.014749499999999999
1024,topic_shuffled,raw_full_scan,180,9,1.0,1.0,0.0,1024.0,1024.0,64.0,0.0003935,0.020165916666666665,0.020559416666666667,0.0205
1024,topic_shuffled,flat_1,180,9,0.07222222222222222,0.07222222222222222,64.0,16.0,16.0,1.0,0.0035812500000000002,0.004379838888888888,0.00796108888888889,0.007813
1024,topic_shuffled,flat_2,180,9,0.16111111111111112,0.16111111111111112,64.0,32.0,32.0,2.0,0.002785472222222222,0.005504611111111109,0.008290083333333333,0.0081245
1024,topic_shuffled,flat_4,180,9,0.25555555555555554,0.25555555555555554,64.0,64.0,64.0,4.0,0.0029152722222222215,0.00634648888888889,0.00926176111111111,0.009292
1024,topic_shuffled,tree_beam_1,180,9,0.05,0.05,12.0,16.0,16.0,1.0,0.011806944444444441,0.004667794444444444,0.01647473888888889,0.0165415
1024,topic_shuffled,tree_beam_2,180,9,0.12777777777777777,0.12777777777777777,20.0,32.0,32.0,2.0,0.009257155555555554,0.003981444444444445,0.013238600000000001,0.012958
1024,topic_shuffled,tree_beam_4,180,9,0.20555555555555555,0.20555555555555555,36.0,64.0,64.0,4.0,0.009656933333333331,0.005356666666666665,0.0150136,0.014771
4096,random_keys,raw_full_scan,180,9,1.0,1.0,0.0,4096.0,4096.0,256.0,0.0004171333333333333,0.054971033333333336,0.05538816666666667,0.055208
4096,random_keys,flat_1,180,9,0.17222222222222222,0.17222222222222222,256.0,16.0,16.0,1.0,0.010050049999999998,0.005258988888888888,0.015309038888888888,0.01525
4096,random_keys,flat_2,180,9,0.2722222222222222,0.2722222222222222,256.0,32.0,32.0,2.0,0.006477772222222224,0.005467099999999999,0.01194487222222222,0.011916
4096,random_keys,flat_4,180,9,0.37222222222222223,0.37222222222222223,256.0,64.0,64.0,4.0,0.006154644444444444,0.006591855555555557,0.0127465,0.012584
4096,random_keys,tree_beam_1,180,9,0.03888888888888889,0.03888888888888889,16.0,16.0,16.0,1.0,0.013889583333333332,0.0038280388888888893,0.017717622222222222,0.017729
4096,random_keys,tree_beam_2,180,9,0.06666666666666667,0.06666666666666667,28.0,32.0,32.0,2.0,0.011888416666666663,0.004065561111111111,0.015953977777777777,0.0157085
4096,random_keys,tree_beam_4,180,9,0.17777777777777778,0.17777777777777778,52.0,64.0,64.0,4.0,0.01259076111111111,0.005350022222222221,0.017940783333333335,0.017791500000000002
4096,topic_grouped,raw_full_scan,180,9,1.0,1.0,0.0,4096.0,4096.0,256.0,0.0004068722222222222,0.05498115555555556,0.055388027777777765,0.055146
4096,topic_grouped,flat_1,180,9,0.38333333333333336,0.38333333333333336,256.0,16.0,16.0,1.0,0.009095611111111112,0.005171522222222221,0.014267133333333333,0.014188
4096,topic_grouped,flat_2,180,9,0.5333333333333333,0.5333333333333333,256.0,32.0,32.0,2.0,0.006356249999999999,0.0053573611111111105,0.011713611111111109,0.0117915
4096,topic_grouped,flat_4,180,9,0.7277777777777777,0.7277777777777777,256.0,64.0,64.0,4.0,0.005913861111111111,0.006433011111111111,0.012346872222222222,0.012292
4096,topic_grouped,tree_beam_1,180,9,0.2388888888888889,0.2388888888888889,16.0,16.0,16.0,1.0,0.014115311111111112,0.003979144444444445,0.018094455555555555,0.0177495
4096,topic_grouped,tree_beam_2,180,9,0.4722222222222222,0.4722222222222222,28.0,32.0,32.0,2.0,0.011922905555555554,0.003938866666666666,0.01586177222222222,0.015708
4096,topic_grouped,tree_beam_4,180,9,0.7277777777777777,0.7277777777777777,52.0,64.0,64.0,4.0,0.012541194444444443,0.005293533333333332,0.01783472777777778,0.017625000000000002
4096,topic_shuffled,raw_full_scan,180,9,1.0,1.0,0.0,4096.0,4096.0,256.0,0.0004025166666666667,0.05481243888888888,0.055214955555555556,0.0551875
4096,topic_shuffled,flat_1,180,9,0.05,0.05,256.0,16.0,16.0,1.0,0.010053244444444444,0.005300177777777777,0.015353422222222222,0.01525
4096,topic_shuffled,flat_2,180,9,0.07777777777777778,0.07777777777777778,256.0,32.0,32.0,2.0,0.006542577777777778,0.005365466666666666,0.011908044444444441,0.011916
4096,topic_shuffled,flat_4,180,9,0.12222222222222222,0.12222222222222222,256.0,64.0,64.0,4.0,0.006351616666666667,0.006506394444444444,0.012858011111111109,0.012666
4096,topic_shuffled,tree_beam_1,180,9,0.022222222222222223,0.022222222222222223,16.0,16.0,16.0,1.0,0.013911044444444447,0.0038307888888888895,0.01774183333333333,0.017626
4096,topic_shuffled,tree_beam_2,180,9,0.027777777777777776,0.027777777777777776,28.0,32.0,32.0,2.0,0.011912972222222219,0.003968561111111111,0.015881533333333333,0.0156665
4096,topic_shuffled,tree_beam_4,180,9,0.08888888888888889,0.08888888888888889,52.0,64.0,64.0,4.0,0.012487272222222219,0.005380094444444443,0.017867366666666665,0.017709000000000003
