method,method_type,venue_status,doi_or_arxiv,official_code_or_checkpoint,scope_and_granularity,t0_write_future_hidden,t1_compression_eviction_demotion,t2_first_unexpected_q1,t3_cold_raw_retrieval,t4_post_use_evidence,t5_new_memory_pressure,t6_q2_q3_reuse,t7_long_inactivity_or_topic_shift,pre_q1_future_information,actual_utility_observed,utility_changes_retention,utility_changes_precision,utility_changes_cache_tier,utility_changes_hardware_residency,demotion_or_decay,io_loading_accounted,code_and_repro,complete_coverage_verdict,minimum_missing_action,engineering_integration_risk,benchmark_directly_measures_lifecycle,primary_sources
HeteroCache,internal Transformer/KV system,ACL 2026 Long Paper,10.18653/v1/2026.acl-long.1999; arXiv:2601.13684,ponytaill/HeteroCache; ACL page links repository,"Per-head heterogeneous KV with full, compressed, GPU and CPU tiers",Prompt prefill and offline calibration; actual future query hidden,"Fixed head taxonomy and budget: full, compressed top-l_i or CPU; no q1 promotion",Current decode token/query arrives,Pivot drift triggers async CPU-to-GPU satellite retrieval; not an evidence-level raw miss protocol,"No answer flip, counterfactual loss or evidence identity; attention drift only",Head classes and ratios stay fixed,"Sequential token decode, not q1/q2/q3 repeated-memory episode",No explicit inactivity or topic-shift demotion,"Offline calibration samples, not future user query",No; drift proxy only,No utility-conditioned retention,No utility-conditioned precision,No q1-utility tier change,Async drift refresh changes residency,No explicit rule,PCIe CPU-to-GPU transfer and latency measured on A100; no full lifecycle,Official code; CUDA and Llama weights required; no independent reproduction verified,Partial: internal tiering and drift retrieval without post-use feedback or decay,Attribute q1 outcome utility to exact KV/evidence identity and reallocate later,Medium-high; could be integration without new causal gain,No; LongBench/InfiniteBench/needle lack q1-cold then q2 pressure,https://aclanthology.org/2026.acl-long.1999/; https://arxiv.org/html/2601.13684; https://github.com/ponytaill/HeteroCache
RMM / Eviction as Estimation,internal KV eviction,arXiv preprint 2026,arXiv:2607.24667,Official code/checkpoint not verified,Token-level provisional buffer and fixed-lag demonstrated-utility eviction,Token enters provisional buffer; future query/answer hidden,Lag H then correctness-weighted attention commits to bounded cache,No raw archive after commit; evicted token cannot be recovered,No cold/raw retrieval,Teacher-forced correctness plus attention after lag; not q1 evidence answer flip,Bounded K commit/evict; no GPU/CPU/SSD tier,Constructed delayed reuse works; independent KVPress streaming multi-turn weakens advantage,No explicit inactivity decay,No future q at write; near-future teacher-forcing inside lag,Partial demonstrated utility after lag,"Yes, token survives commit",No,No,No,No explicit later rule,No physical I/O or loading cost,Paper reports KVPress comparison; code/repro provenance not verified,"Partial: closest post-use signal, but no fallback, tiering or decay",Add exact evidence identity and cold/raw fallback before later reuse,Medium; score is direct but archive/tier integration may be engineering,No unified q1 cold and q2/q3 pressure,https://arxiv.org/html/2607.24667; https://arxiv.org/abs/2607.24667
KVP / Learning to Evict,internal KV eviction with offline RL,ICML 2026 accepted / arXiv,arXiv:2602.10238,https://github.com/apple-aiml-research/ml-learning-to-evict,"Per-head agents predict future utility from K,V and position at fixed budget","Deployment sees K,V and position only; future query hidden",Static learned score ranks and evicts during prefill/chunked prefill,Current generation arrives,No raw fallback,No actual post-use utility; predicted offline,Fixed-budget eviction repeats,Static policy reused in multi-turn/long-context benchmarks,No explicit decay,Training traces may contain future reuse; deployment does not,No,No post-use update,No,No,No,No,No I/O benchmark,Official code/weights; training traces and multi-GPU setup required,Partial: predicted future utility without observed feedback or fallback,Add causally post-q1 update and compare with offline predictor,Medium; feedback must show distribution-shift benefit,No; RULER/LongBench lack utility event,https://arxiv.org/html/2602.10238; https://arxiv.org/abs/2602.10238; https://github.com/apple-aiml-research/ml-learning-to-evict
KVzip,internal KV compression/eviction,NeurIPS 2025,10.52202/085713-5585; arXiv:2505.23416,snu-mllab/KVzip,Query-agnostic context reconstruction score prunes KV and supports repeated queries,Context prefill and reconstruction before user query,One-time fixed-ratio/head pruning; no promotion,q1 arrives after compression,No documented raw archive or cold block fallback,No answer/evidence utility feedback,Ratio and scores remain fixed,Multiple diverse queries reuse compressed cache without lifecycle update,No decay,Future query hidden; reconstruction is query-agnostic proxy,No,No,No,No,No,No,One-time compression and FlashAttention latency; no tier I/O,Official code and CUDA setup; no full independent reproduction verified,"Partial: strong query-agnostic reuse, no post-use lifecycle",Attach raw identity and update precision/residency only after observed utility,High; repeated reuse already exists,"No; multi-query tests lack cold miss, pressure and demotion",https://proceedings.neurips.cc/paper_files/paper/2025/hash/f4eaa4b8f2d08edb3f0af990d56134ea-Abstract-Conference.html; https://arxiv.org/html/2505.23416; https://github.com/snu-mllab/KVzip
Landmark Attention,internal Transformer routing with raw block fallback,NeurIPS 2023,10.52202/075280-2378; arXiv:2305.16300,epfml/landmark-attention,One landmark per block routes a current query to top-k raw blocks,Blocks and landmarks written; future query hidden,Fixed landmark/raw-block structure; no lifecycle controller,q1 arrives,Landmark scores retrieve top-k raw blocks; clearest q1 fallback,No post-use utility or block precision update,No q1-driven reallocation,Each query routes again; prior usefulness does not promote block,No decay,No future query at write,No,No,No,No,No,No,Random access/model attention measured; not full tier lifecycle,Official code/reproduction path; fine-tuning and checkpoints required,Partial: q1 routing/fallback only,Persist q1 evidence identity and update later KV precision/tier with decay,High; missing step may be systems integration,No; passkey is single-query without pressure,https://proceedings.neurips.cc/paper_files/paper/2023/hash/ab05dc8bf36a9f66edbff6992ec86f56-Abstract-Conference.html; https://arxiv.org/html/2305.16300; https://github.com/epfml/landmark-attention
EVICPRESS,system-level context KV cache,arXiv preprint 2025,arXiv:2512.14946,No official repository verified,"Context-level compression, eviction and GPU/CPU/SSD assignment",Context KV generated; offline profiler creates synthetic question profiles,Context-level profile and greedy knapsack choose compression/device,Cache hit loads; cache miss recomputes/stores context,Tier load if present; no raw token/block fallback,Online quality vs uncompressed prefill answer; periodic re-profile on quality drift,Compression/eviction/device reallocation under pressure,Repeated context requests evaluated; not exact evidence blocks,No explicit inactivity decay,"Synthetic profiles and frequency, not actual q1","Context-level observed quality drift, not exact KV item utility",Context-level reallocation only,May choose context compression level,Yes at context level,"Yes, GPU/CPU/SSD",No explicit decay,"Yes; H100, CPU DRAM, SSD and reprofile cost",Preprint; no official code verified,"Partial counterexample: observed-quality reallocation exists, but wrong granularity for exact evidence loop",Attribute q1 gain to exact KV/evidence identity and support raw fallback,High; context service integration already demonstrated,No; LongBench quality/TTFT is context-level,https://arxiv.org/html/2512.14946; https://arxiv.org/abs/2512.14946
AdaptCache,system-level context KV cache,arXiv preprint / SOSP 2025 BigMem workshop,arXiv:2509.00105,No official repository verified,DRAM/SSD context-KV hierarchy with predicted or historical frequency utility,Offline profiler and historical frequency; future request hidden,"Marginal utility chooses compression, device and eviction",Request arrives,Load DRAM/SSD or recompute on miss; no raw evidence fallback,No q1 answer flip; historical frequency updates,Marginal utility changes context placement,Simulated Poisson arrivals provide repeated context reuse,No explicit decay,"Historical traces and dummy questions, not actual q1",No actual post-use utility,No evidence-level update,Context compression choice only,"Yes, predicted tier assignment",Yes at system level,No explicit decay,A100 plus DRAM/SSD delay measured,Preprint/workshop paper; no official code verified,"Partial: predicted/historical utility and tiers, not post-use evidence feedback",Add exact evidence identity and post-cold-read utility event,High; context-level utility/tiering already exists,No; simulated request traces omit evidence lifecycle,https://arxiv.org/html/2509.00105; https://arxiv.org/abs/2509.00105
IMPRESS,system-level prefix KV cache,FAST 2025,USENIX FAST 2025 presentation/PDF,No author code verified,"Importance-informed prefix KV placement across GPU, CPU and disk",Prefix KV written and scored from attention-head similarity,Important prefix selected and placed in tiers,Request arrives,Selective prefix KV loaded from tiers; no q1 utility loop,No answer-level post-use utility,Score-based tier management,Repeated prefix reuse via cache hierarchy,No explicit decay,Future query not used; precomputed score,No,No,No,Score-based only,"Yes, placement",No explicit decay,TTFT and storage hierarchy measured,Formal FAST paper; no author code verified,Partial: tiered prefix cache without post-use lifecycle,Tie post-use evidence utility to exact prefix KV residency,High; likely systems integration unless attribution changes behavior,No q1/q2/q3 utility timeline,https://www.usenix.org/conference/fast25/presentation/chen-weijian-impress; https://www.usenix.org/system/files/fast25-chen-weijian-impress.pdf
Strata,system-level hierarchical context cache,arXiv preprint 2025,arXiv:2508.18572,No official code verified,"Hierarchical context cache, radix-tree scheduling and GPU-assisted I/O",Prefix/context entry created; future requests hidden,Hierarchy and scheduler choose placement; no post-use utility,Request arrives,Cache hit/load or miss/recompute; no guaranteed raw evidence,No answer-level utility feedback,Scheduler handles capacity and request placement,Repeated context reuse is target workload,No explicit topic/inactivity decay,No future query at write; arrival workload only,No,No,No,Scheduler placement only,System placement only,No explicit decay,Production-style I/O and TTFT measured,Preprint; no official code verified,Partial: repeated-context/I/O baseline without post-use evidence loop,Add q1 cold evidence identity and utility-conditioned internal KV change,High; repeated cache and I/O already engineering systems,No; repeated arrivals lack utility and demotion,https://arxiv.org/html/2508.18572; https://arxiv.org/abs/2508.18572
